Phillippines,Indonesia,Malta,India
Error Free,Error Free,Defective,Error Free
Error Free,Error Free,Error Free,Defective
Error Free,Defective,Defective,Error Free
Error Free,Error Free,Error Free,Error Free
Error Free,Error Free,Defective,Error Free
Error Free,Error Free,Error Free,Error Free
Error Free,Defective,Error Free,Error Free
Error Free,Error Free,Error Free,Error Free
Error Free,Error Free,Error Free,Error Free
Error Free,Error Free,Error Free,Error Free
Defective,Error Free,Error Free,Error Free
Error Free,Error Free,Error Free,Error Free
Error Free,Error Free,Error Free,Defective
Error Free,Error Free,Error Free,Error Free
Error Free,Error Free,Error Free,Error Free
Error Free,Error Free,Defective,Error Free
Error Free,Error Free,Error Free,Error Free
Error Free,Error Free,Error Free,Error Free
Error Free,Error Free,Error Free,Error Free
Defective,Error Free,Error Free,Defective
Error Free,Error Free,Error Free,Error Free
Error Free,Error Free,Defective,Error Free
Error Free,Error Free,Error Free,Error Free
Defective,Error Free,Error Free,Error Free
Error Free,Error Free,Error Free,Error Free
Error Free,Error Free,Error Free,Error Free
Error Free,Error Free,Error Free,Error Free
Error Free,Error Free,Error Free,Error Free
Error Free,Error Free,Error Free,Error Free
Error Free,Error Free,Error Free,Error Free
Error Free,Error Free,Error Free,Error Free
Error Free,Error Free,Error Free,Defective
Error Free,Error Free,Error Free,Error Free
Defective,Error Free,Error Free,Error Free
Error Free,Error Free,Error Free,Error Free
Error Free,Error Free,Error Free,Error Free
Error Free,Error Free,Error Free,Error Free
Error Free,Error Free,Defective,Error Free
Error Free,Error Free,Error Free,Error Free
Defective,Error Free,Defective,Error Free
Error Free,Error Free,Error Free,Error Free
Defective,Error Free,Error Free,Error Free
Error Free,Error Free,Error Free,Error Free
Error Free,Error Free,Error Free,Error Free
Defective,Error Free,Defective,Error Free
Error Free,Error Free,Error Free,Error Free
Error Free,Error Free,Error Free,Error Free
Defective,Error Free,Error Free,Error Free
Error Free,Error Free,Error Free,Error Free
Error Free,Error Free,Error Free,Defective
Error Free,Error Free,Error Free,Error Free
Error Free,Defective,Error Free,Error Free
Error Free,Error Free,Error Free,Error Free
Error Free,Error Free,Error Free,Error Free
Error Free,Error Free,Error Free,Error Free
Error Free,Error Free,Error Free,Error Free
Error Free,Error Free,Error Free,Error Free
Error Free,Error Free,Error Free,Error Free
Error Free,Error Free,Error Free,Error Free
Defective,Error Free,Error Free,Error Free
Error Free,Error Free,Error Free,Defective
Error Free,Error Free,Error Free,Error Free
Error Free,Error Free,Error Free,Error Free
Error Free,Error Free,Error Free,Error Free
Error Free,Error Free,Error Free,Error Free
Error Free,Error Free,Error Free,Error Free
Error Free,Error Free,Defective,Error Free
Error Free,Error Free,Error Free,Error Free
Error Free,Defective,Error Free,Error Free
Error Free,Error Free,Error Free,Error Free
Error Free,Error Free,Error Free,Error Free
Defective,Defective,Error Free,Error Free
Error Free,Error Free,Error Free,Error Free
Error Free,Error Free,Defective,Error Free
Error Free,Error Free,Error Free,Error Free
Error Free,Error Free,Defective,Error Free
Error Free,Error Free,Error Free,Error Free
Defective,Error Free,Error Free,Error Free
Defective,Error Free,Error Free,Defective
Error Free,Error Free,Error Free,Error Free
Error Free,Error Free,Error Free,Error Free
Error Free,Error Free,Error Free,Defective
Defective,Error Free,Error Free,Error Free
Defective,Error Free,Error Free,Error Free
Error Free,Error Free,Error Free,Error Free
Error Free,Error Free,Defective,Error Free
Error Free,Error Free,Error Free,Error Free
Error Free,Error Free,Defective,Error Free
Error Free,Error Free,Defective,Error Free
Defective,Defective,Error Free,Error Free
Error Free,Error Free,Error Free,Error Free
Error Free,Error Free,Error Free,Error Free
Error Free,Error Free,Error Free,Error Free
Error Free,Error Free,Error Free,Error Free
Error Free,Error Free,Error Free,Error Free
Error Free,Error Free,Error Free,Error Free
Error Free,Defective,Error Free,Error Free
Error Free,Error Free,Error Free,Error Free
Defective,Error Free,Error Free,Error Free
Error Free,Error Free,Defective,Error Free
Error Free,Error Free,Error Free,Error Free
Defective,Error Free,Defective,Error Free
Defective,Error Free,Error Free,Error Free
Defective,Error Free,Error Free,Error Free
Error Free,Error Free,Error Free,Error Free
Error Free,Error Free,Error Free,Error Free
Error Free,Error Free,Error Free,Error Free
Error Free,Error Free,Error Free,Error Free
Error Free,Error Free,Error Free,Error Free
Error Free,Defective,Error Free,Error Free
Error Free,Error Free,Error Free,Error Free
Error Free,Error Free,Error Free,Error Free
Error Free,Error Free,Error Free,Error Free
Error Free,Error Free,Error Free,Error Free
Error Free,Defective,Error Free,Error Free
Error Free,Error Free,Error Free,Error Free
Error Free,Error Free,Error Free,Error Free
Defective,Error Free,Error Free,Error Free
Error Free,Error Free,Error Free,Error Free
Error Free,Error Free,Error Free,Error Free
Error Free,Error Free,Error Free,Error Free
Error Free,Error Free,Error Free,Error Free
Error Free,Error Free,Defective,Error Free
Error Free,Error Free,Error Free,Error Free
Error Free,Error Free,Error Free,Error Free
Error Free,Error Free,Error Free,Error Free
Error Free,Defective,Error Free,Error Free
Error Free,Error Free,Error Free,Error Free
Defective,Error Free,Error Free,Error Free
Error Free,Error Free,Error Free,Error Free
Error Free,Error Free,Error Free,Error Free
Error Free,Error Free,Error Free,Error Free
Error Free,Error Free,Error Free,Error Free
Error Free,Error Free,Error Free,Error Free
Error Free,Error Free,Error Free,Error Free
Error Free,Error Free,Error Free,Error Free
Error Free,Error Free,Error Free,Error Free
Error Free,Error Free,Error Free,Defective
Error Free,Defective,Error Free,Defective
Error Free,Defective,Error Free,Error Free
Error Free,Error Free,Error Free,Error Free
Error Free,Error Free,Error Free,Error Free
Defective,Error Free,Defective,Error Free
Error Free,Error Free,Error Free,Error Free
Error Free,Error Free,Error Free,Error Free
Error Free,Error Free,Error Free,Error Free
Error Free,Error Free,Error Free,Error Free
Error Free,Error Free,Error Free,Error Free
Error Free,Error Free,Error Free,Error Free
Error Free,Error Free,Error Free,Error Free
Error Free,Defective,Defective,Error Free
Error Free,Error Free,Error Free,Error Free
Error Free,Error Free,Error Free,Error Free
Error Free,Error Free,Error Free,Error Free
Error Free,Error Free,Error Free,Error Free
Error Free,Error Free,Error Free,Error Free
Error Free,Error Free,Error Free,Error Free
Error Free,Error Free,Error Free,Error Free
Error Free,Error Free,Error Free,Error Free
Error Free,Defective,Error Free,Error Free
Error Free,Error Free,Error Free,Error Free
Error Free,Error Free,Error Free,Defective
Error Free,Error Free,Error Free,Error Free
Error Free,Error Free,Error Free,Error Free
Error Free,Error Free,Defective,Error Free
Defective,Error Free,Error Free,Error Free
Error Free,Error Free,Error Free,Error Free
Defective,Error Free,Error Free,Error Free
Error Free,Defective,Error Free,Error Free
Error Free,Error Free,Error Free,Error Free
Error Free,Defective,Error Free,Error Free
Error Free,Error Free,Error Free,Error Free
Error Free,Error Free,Error Free,Error Free
Error Free,Error Free,Defective,Error Free
Error Free,Error Free,Error Free,Error Free
Error Free,Defective,Defective,Error Free
Error Free,Error Free,Error Free,Error Free
Error Free,Error Free,Error Free,Defective
Error Free,Error Free,Error Free,Defective
Error Free,Defective,Error Free,Error Free
Error Free,Error Free,Error Free,Error Free
Error Free,Error Free,Error Free,Error Free
Error Free,Error Free,Error Free,Error Free
Error Free,Defective,Error Free,Defective
Error Free,Error Free,Error Free,Defective
Defective,Error Free,Error Free,Error Free
Error Free,Defective,Error Free,Error Free
Error Free,Error Free,Error Free,Defective
Error Free,Error Free,Error Free,Error Free
Error Free,Error Free,Error Free,Error Free
Error Free,Error Free,Error Free,Error Free
Error Free,Error Free,Error Free,Error Free
Error Free,Error Free,Error Free,Error Free
Error Free,Error Free,Error Free,Error Free
Error Free,Error Free,Error Free,Error Free
Error Free,Error Free,Error Free,Error Free
Error Free,Error Free,Error Free,Error Free
Error Free,Error Free,Error Free,Defective
Error Free,Defective,Error Free,Error Free
Error Free,Error Free,Error Free,Error Free
Error Free,Error Free,Error Free,Error Free
Error Free,Error Free,Error Free,Error Free
Error Free,Error Free,Error Free,Error Free
Error Free,Error Free,Error Free,Error Free
Error Free,Error Free,Error Free,Error Free
Error Free,Error Free,Error Free,Error Free
Error Free,Error Free,Error Free,Error Free
Error Free,Defective,Defective,Error Free
Error Free,Error Free,Error Free,Error Free
Error Free,Error Free,Error Free,Error Free
Error Free,Error Free,Error Free,Error Free
Error Free,Error Free,Error Free,Error Free
Error Free,Error Free,Error Free,Error Free
Error Free,Error Free,Error Free,Error Free
Error Free,Error Free,Error Free,Error Free
Error Free,Error Free,Error Free,Error Free
Error Free,Defective,Error Free,Error Free
Error Free,Error Free,Error Free,Error Free
Error Free,Error Free,Error Free,Defective
Error Free,Error Free,Error Free,Error Free
Error Free,Error Free,Error Free,Error Free
Error Free,Error Free,Defective,Error Free
Defective,Error Free,Error Free,Error Free
Error Free,Error Free,Error Free,Error Free
Defective,Error Free,Error Free,Error Free
Error Free,Defective,Error Free,Error Free
Error Free,Error Free,Error Free,Error Free
Error Free,Error Free,Error Free,Error Free
Error Free,Error Free,Error Free,Error Free
Error Free,Error Free,Error Free,Error Free
Error Free,Error Free,Error Free,Error Free
Error Free,Error Free,Error Free,Error Free
Error Free,Error Free,Error Free,Error Free
Error Free,Error Free,Error Free,Error Free
Error Free,Defective,Defective,Error Free
Error Free,Error Free,Error Free,Error Free
Error Free,Error Free,Error Free,Error Free
Error Free,Error Free,Error Free,Error Free
Error Free,Error Free,Error Free,Error Free
Error Free,Error Free,Error Free,Error Free
Error Free,Error Free,Error Free,Error Free
Error Free,Error Free,Error Free,Error Free
Error Free,Error Free,Error Free,Error Free
Error Free,Defective,Error Free,Error Free
Error Free,Error Free,Error Free,Error Free
Error Free,Error Free,Error Free,Defective
Error Free,Error Free,Error Free,Error Free
Error Free,Error Free,Error Free,Error Free
Error Free,Error Free,Error Free,Error Free
Error Free,Error Free,Error Free,Error Free
Error Free,Error Free,Error Free,Error Free
Error Free,Error Free,Error Free,Error Free
Error Free,Error Free,Error Free,Error Free
Error Free,Defective,Defective,Error Free
Error Free,Error Free,Error Free,Error Free
Error Free,Error Free,Error Free,Error Free
Error Free,Error Free,Error Free,Error Free
Error Free,Error Free,Error Free,Error Free
Error Free,Error Free,Error Free,Error Free
Error Free,Error Free,Error Free,Error Free
Error Free,Error Free,Error Free,Error Free
Error Free,Defective,Defective,Error Free
Error Free,Error Free,Error Free,Error Free
Error Free,Error Free,Error Free,Error Free
Error Free,Error Free,Error Free,Error Free
Error Free,Error Free,Error Free,Error Free
Error Free,Error Free,Error Free,Error Free
Error Free,Error Free,Error Free,Error Free
Error Free,Error Free,Error Free,Error Free
Error Free,Error Free,Error Free,Error Free
Error Free,Error Free,Error Free,Error Free
Error Free,Error Free,Error Free,Error Free
Error Free,Error Free,Error Free,Error Free
Error Free,Error Free,Error Free,Error Free
Error Free,Defective,Defective,Error Free
Error Free,Error Free,Error Free,Error Free
Error Free,Error Free,Error Free,Error Free
Error Free,Error Free,Error Free,Error Free
Error Free,Error Free,Error Free,Error Free
Error Free,Error Free,Error Free,Error Free
Error Free,Error Free,Error Free,Error Free
Error Free,Error Free,Error Free,Error Free
Error Free,Error Free,Error Free,Error Free
Error Free,Defective,Error Free,Error Free
Error Free,Error Free,Error Free,Error Free
Error Free,Error Free,Error Free,Defective
Error Free,Error Free,Error Free,Error Free
Error Free,Error Free,Error Free,Error Free
Error Free,Error Free,Defective,Error Free
Defective,Error Free,Error Free,Error Free
Error Free,Error Free,Error Free,Error Free
Defective,Error Free,Error Free,Error Free
Error Free,Defective,Error Free,Error Free
Error Free,Error Free,Error Free,Error Free
Error Free,Defective,Error Free,Error Free
Error Free,Error Free,Error Free,Error Free
Error Free,Error Free,Error Free,Error Free
Error Free,Error Free,Defective,Error Free
Error Free,Error Free,Error Free,Error Free
Error Free,Defective,Defective,Error Free
